$type$,ID,Author,Created (date and time),Resolved (date and time),Updated (date and time),Summary,Description,Type,Assignee (user),Priority (enum),Stage (state),Sprint (enum),Start Date (date and time),Due Date (date and time),Estimation (period),Spent time (period),Tags,Components
issue,1,admin,26.10.2025 0:00:00,06.11.2025 0:00:00,06.11.2025 0:00:00,Интервью со стейкхолдерами,"Встречи с заказчиком, редакцией, бизнес-аналитиками",Task,admin,Critical,Done,Спринт 1 - Старт и планирование,05.11.2025 0:00:00,06.11.2025 0:00:00,48960000,55080000,"анализ,требования",Анализ
issue,2,admin,27.10.2025 0:00:00,07.11.2025 0:00:00,07.11.2025 0:00:00,Анализ конкурентов,"Исследование afisha.ru, timepad.ru, kassir.ru",Task,admin,Critical,Done,Спринт 1 - Старт и планирование,06.11.2025 0:00:00,07.11.2025 0:00:00,48960000,42840000,"анализ,конкуренты",Анализ
issue,3,admin,28.10.2025 0:00:00,08.11.2025 0:00:00,08.11.2025 0:00:00,Сбор функциональных требований,Формирование списка функциональных требований,Task,admin,Critical,Done,Спринт 1 - Старт и планирование,07.11.2025 0:00:00,08.11.2025 0:00:00,48960000,55080000,"анализ,требования",Анализ
issue,4,admin,29.10.2025 0:00:00,09.11.2025 0:00:00,09.11.2025 0:00:00,Приоритизация MoSCoW,Классификация требований по Must/Should/Could/Won't,Task,admin,High,Done,Спринт 1 - Старт и планирование,08.11.2025 0:00:00,09.11.2025 0:00:00,48960000,42840000,"анализ,приоритизация",Анализ
issue,5,admin,30.10.2025 0:00:00,10.11.2025 0:00:00,10.11.2025 0:00:00,Согласование требований,Согласование с редакцией и бизнесом,Task,admin,High,Done,Спринт 1 - Старт и планирование,09.11.2025 0:00:00,10.11.2025 0:00:00,48960000,48960000,"анализ,согласование",Анализ
issue,6,maximbarsukov,26.10.2025 0:00:00,06.11.2025 0:00:00,06.11.2025 0:00:00,Прототип главной страницы,Прототип главной страницы и списка событий,Task,maximbarsukov,Critical,Done,Спринт 1 - Старт и планирование,05.11.2025 0:00:00,06.11.2025 0:00:00,48960000,55080000,"дизайн,прототипы",Дизайн
issue,7,maximbarsukov,27.10.2025 0:00:00,07.11.2025 0:00:00,07.11.2025 0:00:00,Прототип карточки события,Прототип детальной страницы события,Task,maximbarsukov,Critical,Done,Спринт 1 - Старт и планирование,06.11.2025 0:00:00,07.11.2025 0:00:00,48960000,48960000,"дизайн,прототипы",Дизайн
issue,8,maximbarsukov,28.10.2025 0:00:00,08.11.2025 0:00:00,08.11.2025 0:00:00,Прототип системы фильтров,Прототип фильтров и поиска,Task,maximbarsukov,Critical,Done,Спринт 1 - Старт и планирование,07.11.2025 0:00:00,08.11.2025 0:00:00,48960000,55080000,"дизайн,прототипы",Дизайн
issue,9,maximbarsukov,29.10.2025 0:00:00,09.11.2025 0:00:00,09.11.2025 0:00:00,Прототип админ-панели,Прототип административной панели,Task,maximbarsukov,Critical,Done,Спринт 1 - Старт и планирование,08.11.2025 0:00:00,09.11.2025 0:00:00,48960000,48960000,"дизайн,прототипы",Дизайн
issue,10,admin,28.10.2025 0:00:00,08.11.2025 0:00:00,08.11.2025 0:00:00,Выбор фронтенд-фреймворка,"Сравнение Next.js vs Nuxt, выбор решения",Task,admin,High,Done,Спринт 1 - Старт и планирование,07.11.2025 0:00:00,08.11.2025 0:00:00,24480000,30600000,"архитектура,технологии",Архитектура
issue,11,admin,29.10.2025 0:00:00,09.11.2025 0:00:00,09.11.2025 0:00:00,Выбор базы данных,Сравнение PostgreSQL vs MongoDB,Task,admin,High,Done,Спринт 1 - Старт и планирование,08.11.2025 0:00:00,09.11.2025 0:00:00,24480000,24480000,"архитектура,технологии",Архитектура
issue,12,admin,30.10.2025 0:00:00,10.11.2025 0:00:00,10.11.2025 0:00:00,Выбор инфраструктуры,"Docker/K8s, CI/CD инструменты",Task,admin,High,Done,Спринт 1 - Старт и планирование,09.11.2025 0:00:00,10.11.2025 0:00:00,24480000,30600000,"архитектура,технологии",Архитектура
issue,13,admin,31.10.2025 0:00:00,11.11.2025 0:00:00,11.11.2025 0:00:00,Согласование стека с командой,Финальное согласование технологического стека,Task,admin,High,Done,Спринт 1 - Старт и планирование,10.11.2025 0:00:00,11.11.2025 0:00:00,24480000,24480000,"архитектура,технологии",Архитектура
issue,14,dts,30.10.2025 0:00:00,10.11.2025 0:00:00,10.11.2025 0:00:00,Настройка репозитория,"Создание Git репозитория, настройка веток",Task,dts,High,Done,Спринт 1 - Старт и планирование,09.11.2025 0:00:00,10.11.2025 0:00:00,24480000,30600000,"devops,ci-cd",Инфраструктура
issue,15,dts,31.10.2025 0:00:00,11.11.2025 0:00:00,11.11.2025 0:00:00,Настройка Docker окружения,Базовые Dockerfile и docker-compose,Task,dts,High,Done,Спринт 1 - Старт и планирование,10.11.2025 0:00:00,11.11.2025 0:00:00,48960000,55080000,"devops,ci-cd",Инфраструктура
issue,16,dts,01.11.2025 0:00:00,12.11.2025 0:00:00,12.11.2025 0:00:00,Настройка CI/CD пайплайна,Базовый пайплайн для тестирования и сборки,Task,dts,High,Done,Спринт 1 - Старт и планирование,11.11.2025 0:00:00,12.11.2025 0:00:00,48960000,48960000,"devops,ci-cd",Инфраструктура
issue,17,maximbarsukov,02.11.2025 0:00:00,13.11.2025 0:00:00,13.11.2025 0:00:00,Дизайн-система: цвета и типографика,Определение цветовой палитры и шрифтов,Task,maximbarsukov,Critical,Done,Спринт 2 - Прототип и дизайн-система,12.11.2025 0:00:00,13.11.2025 0:00:00,48960000,55080000,"дизайн,ui",Дизайн
issue,18,maximbarsukov,03.11.2025 0:00:00,14.11.2025 0:00:00,14.11.2025 0:00:00,Дизайн-система: кнопки и инпуты,"Компоненты кнопок, полей ввода, селектов",Task,maximbarsukov,Critical,Done,Спринт 2 - Прототип и дизайн-система,13.11.2025 0:00:00,14.11.2025 0:00:00,48960000,48960000,"дизайн,ui",Дизайн
issue,19,maximbarsukov,04.11.2025 0:00:00,15.11.2025 0:00:00,15.11.2025 0:00:00,Дизайн-система: карточки и списки,"Компоненты карточек событий, списков, сеток",Task,maximbarsukov,Critical,Done,Спринт 2 - Прототип и дизайн-система,14.11.2025 0:00:00,15.11.2025 0:00:00,48960000,55080000,"дизайн,ui",Дизайн
issue,20,maximbarsukov,05.11.2025 0:00:00,16.11.2025 0:00:00,16.11.2025 0:00:00,Дизайн главной страницы (desktop),Полный дизайн главной для десктопа,Task,maximbarsukov,Critical,Done,Спринт 2 - Прототип и дизайн-система,15.11.2025 0:00:00,16.11.2025 0:00:00,73440000,79560000,"дизайн,ui",Дизайн
issue,21,maximbarsukov,06.11.2025 0:00:00,17.11.2025 0:00:00,17.11.2025 0:00:00,Дизайн главной страницы (mobile),Адаптивный дизайн главной для мобильных,Task,maximbarsukov,Critical,Done,Спринт 2 - Прототип и дизайн-система,16.11.2025 0:00:00,17.11.2025 0:00:00,73440000,67320000,"дизайн,ui",Дизайн
issue,22,maximbarsukov,07.11.2025 0:00:00,18.11.2025 0:00:00,18.11.2025 0:00:00,Дизайн карточки события (desktop),Детальная страница события для десктопа,Task,maximbarsukov,Critical,Done,Спринт 2 - Прототип и дизайн-система,17.11.2025 0:00:00,18.11.2025 0:00:00,73440000,79560000,"дизайн,ui",Дизайн
issue,23,maximbarsukov,08.11.2025 0:00:00,19.11.2025 0:00:00,19.11.2025 0:00:00,Дизайн карточки события (mobile),Адаптивная карточка события для мобильных,Task,maximbarsukov,Critical,Done,Спринт 2 - Прототип и дизайн-система,18.11.2025 0:00:00,19.11.2025 0:00:00,73440000,67320000,"дизайн,ui",Дизайн
issue,24,maximbarsukov,09.11.2025 0:00:00,20.11.2025 0:00:00,20.11.2025 0:00:00,Дизайн страницы поиска,Страница поиска и фильтрации,Task,maximbarsukov,High,Done,Спринт 2 - Прототип и дизайн-система,19.11.2025 0:00:00,20.11.2025 0:00:00,48960000,55080000,"дизайн,ui",Дизайн
issue,25,maximbarsukov,10.11.2025 0:00:00,21.11.2025 0:00:00,21.11.2025 0:00:00,UI Kit: базовые компоненты,Создание библиотеки базовых компонентов,Task,maximbarsukov,High,Done,Спринт 2 - Прототип и дизайн-система,20.11.2025 0:00:00,21.11.2025 0:00:00,73440000,79560000,"дизайн,ui",Дизайн
issue,26,maximbarsukov,11.11.2025 0:00:00,22.11.2025 0:00:00,22.11.2025 0:00:00,UI Kit: сложные компоненты,"Компоненты фильтров, календаря, карт",Task,maximbarsukov,High,Done,Спринт 2 - Прототип и дизайн-система,21.11.2025 0:00:00,22.11.2025 0:00:00,73440000,67320000,"дизайн,ui",Дизайн
issue,27,maxbarsukov,03.11.2025 0:00:00,14.11.2025 0:00:00,14.11.2025 0:00:00,Проектирование схемы БД,"ER-диаграмма, связи между таблицами",Task,maxbarsukov,Critical,Done,Спринт 2 - Прототип и дизайн-система,13.11.2025 0:00:00,14.11.2025 0:00:00,48960000,55080000,"бэкенд,база-данных",Бэкенд
issue,28,maxbarsukov,04.11.2025 0:00:00,15.11.2025 0:00:00,15.11.2025 0:00:00,Проектирование индексов,Планирование индексов для оптимизации,Task,maxbarsukov,High,Done,Спринт 2 - Прототип и дизайн-система,14.11.2025 0:00:00,15.11.2025 0:00:00,48960000,42840000,"бэкенд,база-данных",Бэкенд
issue,29,maxbarsukov,14.11.2025 0:00:00,25.11.2025 0:00:00,25.11.2025 0:00:00,Миграции БД: пользователи,Миграции для таблицы пользователей,Task,maxbarsukov,Critical,Done,Спринт 3 - Каркас проекта,24.11.2025 0:00:00,25.11.2025 0:00:00,48960000,55080000,"бэкенд,база-данных",Бэкенд
issue,30,maxbarsukov,15.11.2025 0:00:00,26.11.2025 0:00:00,26.11.2025 0:00:00,Миграции БД: города,Миграции для таблицы городов,Task,maxbarsukov,Critical,Done,Спринт 3 - Каркас проекта,25.11.2025 0:00:00,26.11.2025 0:00:00,24480000,30600000,"бэкенд,база-данных",Бэкенд
issue,31,maxbarsukov,16.11.2025 0:00:00,27.11.2025 0:00:00,27.11.2025 0:00:00,Миграции БД: категории,Миграции для таблицы категорий,Task,maxbarsukov,Critical,Done,Спринт 3 - Каркас проекта,26.11.2025 0:00:00,27.11.2025 0:00:00,24480000,24480000,"бэкенд,база-данных",Бэкенд
issue,32,maxbarsukov,14.11.2025 0:00:00,25.11.2025 0:00:00,25.11.2025 0:00:00,Модель пользователя,Модель User с полями и валидацией,Task,maxbarsukov,Critical,Done,Спринт 3 - Каркас проекта,24.11.2025 0:00:00,25.11.2025 0:00:00,48960000,55080000,"бэкенд,модели",Бэкенд
issue,33,maxbarsukov,15.11.2025 0:00:00,26.11.2025 0:00:00,26.11.2025 0:00:00,Модель города,Модель City с полями и валидацией,Task,maxbarsukov,Critical,Done,Спринт 3 - Каркас проекта,25.11.2025 0:00:00,26.11.2025 0:00:00,24480000,30600000,"бэкенд,модели",Бэкенд
issue,34,maxbarsukov,16.11.2025 0:00:00,27.11.2025 0:00:00,27.11.2025 0:00:00,Модель категории,Модель Category с полями и валидацией,Task,maxbarsukov,Critical,Done,Спринт 3 - Каркас проекта,26.11.2025 0:00:00,27.11.2025 0:00:00,24480000,24480000,"бэкенд,модели",Бэкенд
issue,35,maxbarsukov,17.11.2025 0:00:00,28.11.2025 0:00:00,28.11.2025 0:00:00,API: список пользователей,GET endpoint для списка пользователей,Task,maxbarsukov,Critical,Done,Спринт 3 - Каркас проекта,27.11.2025 0:00:00,28.11.2025 0:00:00,24480000,30600000,"бэкенд,api",Бэкенд
issue,36,maxbarsukov,18.11.2025 0:00:00,29.11.2025 0:00:00,29.11.2025 0:00:00,API: создание пользователя,POST endpoint для создания пользователя,Task,maxbarsukov,Critical,Done,Спринт 3 - Каркас проекта,28.11.2025 0:00:00,29.11.2025 0:00:00,24480000,24480000,"бэкенд,api",Бэкенд
issue,37,maxbarsukov,19.11.2025 0:00:00,30.11.2025 0:00:00,30.11.2025 0:00:00,API: список городов,GET endpoint для списка городов,Task,maxbarsukov,Critical,Done,Спринт 3 - Каркас проекта,29.11.2025 0:00:00,30.11.2025 0:00:00,24480000,30600000,"бэкенд,api",Бэкенд
issue,38,maxbarsukov,20.11.2025 0:00:00,01.12.2025 0:00:00,01.12.2025 0:00:00,API: список категорий,GET endpoint для списка категорий,Task,maxbarsukov,Critical,Done,Спринт 3 - Каркас проекта,30.11.2025 0:00:00,01.12.2025 0:00:00,24480000,24480000,"бэкенд,api",Бэкенд
issue,39,maximb2208,14.11.2025 0:00:00,25.11.2025 0:00:00,25.11.2025 0:00:00,Базовый layout,Главный layout с хедером и футером,Task,maximb2208,Critical,Done,Спринт 3 - Каркас проекта,24.11.2025 0:00:00,25.11.2025 0:00:00,48960000,55080000,"фронтенд,верстка",Фронтенд
issue,40,maximb2208,15.11.2025 0:00:00,26.11.2025 0:00:00,26.11.2025 0:00:00,Хедер с навигацией,Хедер с логотипом и основной навигацией,Task,maximb2208,Critical,Done,Спринт 3 - Каркас проекта,25.11.2025 0:00:00,26.11.2025 0:00:00,48960000,42840000,"фронтенд,верстка",Фронтенд
issue,41,maximb2208,16.11.2025 0:00:00,27.11.2025 0:00:00,27.11.2025 0:00:00,Футер,Футер с ссылками и информацией,Task,maximb2208,High,Done,Спринт 3 - Каркас проекта,26.11.2025 0:00:00,27.11.2025 0:00:00,24480000,30600000,"фронтенд,верстка",Фронтенд
issue,42,maximb2208,17.11.2025 0:00:00,28.11.2025 0:00:00,28.11.2025 0:00:00,Настройка React Router,Базовая настройка маршрутизации,Task,maximb2208,Critical,Done,Спринт 3 - Каркас проекта,27.11.2025 0:00:00,28.11.2025 0:00:00,24480000,30600000,"фронтенд,роутинг",Фронтенд
issue,43,maximb2208,18.11.2025 0:00:00,29.11.2025 0:00:00,29.11.2025 0:00:00,Страница 404,Страница для ненайденных маршрутов,Task,maximb2208,High,Done,Спринт 3 - Каркас проекта,28.11.2025 0:00:00,29.11.2025 0:00:00,24480000,24480000,"фронтенд,роутинг",Фронтенд
issue,44,maximb2208,19.11.2025 0:00:00,30.11.2025 0:00:00,30.11.2025 0:00:00,Главная страница (заглушка),Заглушка для главной страницы,Task,maximb2208,High,Done,Спринт 3 - Каркас проекта,29.11.2025 0:00:00,30.11.2025 0:00:00,24480000,30600000,"фронтенд,верстка",Фронтенд
issue,45,maxbarsukov,21.11.2025 0:00:00,02.12.2025 0:00:00,02.12.2025 0:00:00,Модель события,Модель Event с основными полями,Task,maxbarsukov,Critical,Done,Спринт 4 - Ядро данных,01.12.2025 0:00:00,02.12.2025 0:00:00,48960000,55080000,"бэкенд,события",Бэкенд
issue,46,maxbarsukov,22.11.2025 0:00:00,03.12.2025 0:00:00,03.12.2025 0:00:00,Модель расписания,Модель Schedule для повторяющихся событий,Task,maxbarsukov,Critical,Done,Спринт 4 - Ядро данных,02.12.2025 0:00:00,03.12.2025 0:00:00,48960000,42840000,"бэкенд,события",Бэкенд
issue,47,maxbarsukov,23.11.2025 0:00:00,04.12.2025 0:00:00,04.12.2025 0:00:00,Модель места,Модель Place с адресом и координатами,Task,maxbarsukov,Critical,Done,Спринт 4 - Ядро данных,03.12.2025 0:00:00,04.12.2025 0:00:00,48960000,55080000,"бэкенд,места",Бэкенд
issue,48,maxbarsukov,24.11.2025 0:00:00,05.12.2025 0:00:00,05.12.2025 0:00:00,API: создание события,POST endpoint для создания события,Task,maxbarsukov,Critical,Done,Спринт 4 - Ядро данных,04.12.2025 0:00:00,05.12.2025 0:00:00,48960000,42840000,"бэкенд,api",Бэкенд
issue,49,maxbarsukov,25.11.2025 0:00:00,06.12.2025 0:00:00,06.12.2025 0:00:00,API: список событий,GET endpoint для списка событий,Task,maxbarsukov,Critical,Done,Спринт 4 - Ядро данных,05.12.2025 0:00:00,06.12.2025 0:00:00,48960000,55080000,"бэкенд,api",Бэкенд
issue,50,maxbarsukov,26.11.2025 0:00:00,07.12.2025 0:00:00,07.12.2025 0:00:00,API: детали события,GET endpoint для деталей события,Task,maxbarsukov,Critical,Done,Спринт 4 - Ядро данных,06.12.2025 0:00:00,07.12.2025 0:00:00,48960000,42840000,"бэкенд,api",Бэкенд
issue,51,maxbarsukov,27.11.2025 0:00:00,08.12.2025 0:00:00,08.12.2025 0:00:00,API: создание места,POST endpoint для создания места,Task,maxbarsukov,Critical,Done,Спринт 4 - Ядро данных,07.12.2025 0:00:00,08.12.2025 0:00:00,48960000,55080000,"бэкенд,api",Бэкенд
issue,52,maxbarsukov,28.11.2025 0:00:00,09.12.2025 0:00:00,09.12.2025 0:00:00,API: список мест,GET endpoint для списка мест,Task,maxbarsukov,Critical,Done,Спринт 4 - Ядро данных,08.12.2025 0:00:00,09.12.2025 0:00:00,48960000,42840000,"бэкенд,api",Бэкенд
issue,53,maxbarsukov,23.11.2025 0:00:00,04.12.2025 0:00:00,04.12.2025 0:00:00,Регистрация пользователя,POST endpoint для регистрации,Task,maxbarsukov,Critical,Done,Спринт 4 - Ядро данных,03.12.2025 0:00:00,04.12.2025 0:00:00,48960000,55080000,"бэкенд,авторизация",Бэкенд
issue,54,maxbarsukov,24.11.2025 0:00:00,05.12.2025 0:00:00,05.12.2025 0:00:00,Аутентификация по email,Логин/логаут по email и паролю,Task,maxbarsukov,Critical,Done,Спринт 4 - Ядро данных,04.12.2025 0:00:00,05.12.2025 0:00:00,48960000,42840000,"бэкенд,авторизация",Бэкенд
issue,55,maxbarsukov,25.11.2025 0:00:00,06.12.2025 0:00:00,06.12.2025 0:00:00,OAuth интеграция,"Авторизация через VK, OK и другие соцсети",Task,maxbarsukov,High,Done,Спринт 4 - Ядро данных,05.12.2025 0:00:00,06.12.2025 0:00:00,73440000,79560000,"бэкенд,авторизация",Бэкенд
issue,56,maxbarsukov,26.11.2025 0:00:00,07.12.2025 0:00:00,07.12.2025 0:00:00,JWT токены,Генерация и валидация JWT токенов,Task,maxbarsukov,Critical,Done,Спринт 4 - Ядро данных,06.12.2025 0:00:00,07.12.2025 0:00:00,48960000,55080000,"бэкенд,авторизация",Бэкенд
issue,57,maxbarsukov,27.11.2025 0:00:00,08.12.2025 0:00:00,08.12.2025 0:00:00,Восстановление пароля,Механизм восстановления пароля по email,Task,maxbarsukov,High,Done,Спринт 4 - Ядро данных,07.12.2025 0:00:00,08.12.2025 0:00:00,48960000,42840000,"бэкенд,авторизация",Бэкенд
issue,58,maximb2208,22.11.2025 0:00:00,03.12.2025 0:00:00,03.12.2025 0:00:00,Компонент выбора города,Выпадающий список с выбором города,Task,maximb2208,High,Done,Спринт 4 - Ядро данных,02.12.2025 0:00:00,03.12.2025 0:00:00,24480000,30600000,"фронтенд,компоненты",Фронтенд
issue,59,maximb2208,23.11.2025 0:00:00,04.12.2025 0:00:00,04.12.2025 0:00:00,Сохранение выбора города,Сохранение в cookies/сессии,Task,maximb2208,High,Done,Спринт 4 - Ядро данных,03.12.2025 0:00:00,04.12.2025 0:00:00,24480000,24480000,"фронтенд,компоненты",Фронтенд
issue,60,maximb2208,24.11.2025 0:00:00,05.12.2025 0:00:00,05.12.2025 0:00:00,Обновление контента по городу,Динамическое обновление при смене города,Task,maximb2208,High,Done,Спринт 4 - Ядро данных,04.12.2025 0:00:00,05.12.2025 0:00:00,48960000,55080000,"фронтенд,компоненты",Фронтенд
issue,61,maxbarsukov,30.11.2025 0:00:00,11.12.2025 0:00:00,11.12.2025 0:00:00,Модель категорий,Модель Category с деревом категорий,Task,maxbarsukov,High,Done,Спринт 5 - Контент и геолокация,10.12.2025 0:00:00,11.12.2025 0:00:00,48960000,55080000,"бэкенд,категории",Бэкенд
issue,62,maxbarsukov,01.12.2025 0:00:00,12.12.2025 0:00:00,12.12.2025 0:00:00,API управления категориями,CRUD endpoints для категорий,Task,maxbarsukov,High,Done,Спринт 5 - Контент и геолокация,11.12.2025 0:00:00,12.12.2025 0:00:00,48960000,42840000,"бэкенд,api",Бэкенд
issue,63,maxbarsukov,02.12.2025 0:00:00,13.12.2025 0:00:00,13.12.2025 0:00:00,Модель тегов,Модель Tag для гибкой tagging системы,Task,maxbarsukov,Normal,Done,Спринт 5 - Контент и геолокация,12.12.2025 0:00:00,13.12.2025 0:00:00,36720000,42840000,"бэкенд,теги",Бэкенд
issue,64,maxbarsukov,03.12.2025 0:00:00,14.12.2025 0:00:00,14.12.2025 0:00:00,Интеграция с картами,Подключение Google Maps API,Task,maxbarsukov,High,Done,Спринт 5 - Контент и геолокация,13.12.2025 0:00:00,14.12.2025 0:00:00,48960000,55080000,"бэкенд,карты",Бэкенд
issue,65,maxbarsukov,04.12.2025 0:00:00,15.12.2025 0:00:00,15.12.2025 0:00:00,Геокодирование адресов,Преобразование адресов в координаты,Task,maxbarsukov,High,Done,Спринт 5 - Контент и геолокация,14.12.2025 0:00:00,15.12.2025 0:00:00,48960000,42840000,"бэкенд,геолокация",Бэкенд
issue,66,maxbarsukov,05.12.2025 0:00:00,16.12.2025 0:00:00,16.12.2025 0:00:00,Поиск по локации,Поиск событий near location,Task,maxbarsukov,High,Done,Спринт 5 - Контент и геолокация,15.12.2025 0:00:00,16.12.2025 0:00:00,48960000,55080000,"бэкенд,геолокация",Бэкенд
issue,67,maxbarsukov,06.12.2025 0:00:00,17.12.2025 0:00:00,17.12.2025 0:00:00,Модель расписания,Поддержка разовых событий,Task,maxbarsukov,Critical,Done,Спринт 5 - Контент и геолокация,16.12.2025 0:00:00,17.12.2025 0:00:00,48960000,42840000,"бэкенд,расписание",Бэкенд
issue,68,maxbarsukov,07.12.2025 0:00:00,18.12.2025 0:00:00,18.12.2025 0:00:00,Повторяющиеся события,Логика recurring events,Task,maxbarsukov,High,Done,Спринт 5 - Контент и геолокация,17.12.2025 0:00:00,18.12.2025 0:00:00,73440000,79560000,"бэкенд,расписание",Бэкенд
issue,69,maxbarsukov,08.12.2025 0:00:00,19.12.2025 0:00:00,19.12.2025 0:00:00,События с несколькими датами,Events with multiple dates,Task,maxbarsukov,High,Done,Спринт 5 - Контент и геолокация,18.12.2025 0:00:00,19.12.2025 0:00:00,48960000,55080000,"бэкенд,расписание",Бэкенд
issue,70,maximb2208,09.12.2025 0:00:00,20.12.2025 0:00:00,20.12.2025 0:00:00,Календарный интерфейс,UI для управления расписанием в админке,Task,maximb2208,High,Done,Спринт 5 - Контент и геолокация,19.12.2025 0:00:00,20.12.2025 0:00:00,73440000,67320000,"фронтенд,админка",Фронтенд
issue,71,maximb2208,10.12.2025 0:00:00,21.12.2025 0:00:00,21.12.2025 0:00:00,Интерфейс категорий,Управление категориями в админке,Task,maximb2208,High,Done,Спринт 5 - Контент и геолокация,20.12.2025 0:00:00,21.12.2025 0:00:00,48960000,55080000,"фронтенд,админка",Фронтенд
issue,72,maxbarsukov,12.12.2025 0:00:00,23.12.2025 0:00:00,23.12.2025 0:00:00,Backend поиска,Elasticsearch/PostgreSQL full-text search,Task,maxbarsukov,Critical,Done,Спринт 6 - Поиск и фильтры,22.12.2025 0:00:00,23.12.2025 0:00:00,73440000,79560000,"бэкенд,поиск",Бэкенд
issue,73,maxbarsukov,13.12.2025 0:00:00,24.12.2025 0:00:00,24.12.2025 0:00:00,API поиска,Search endpoints with query params,Task,maxbarsukov,Critical,Done,Спринт 6 - Поиск и фильтры,23.12.2025 0:00:00,24.12.2025 0:00:00,48960000,42840000,"бэкенд,api",Бэкенд
issue,74,maxbarsukov,14.12.2025 0:00:00,25.12.2025 0:00:00,25.12.2025 0:00:00,Фильтрация по категориям,Backend фильтрации по категориям,Task,maxbarsukov,High,Done,Спринт 6 - Поиск и фильтры,24.12.2025 0:00:00,25.12.2025 0:00:00,48960000,55080000,"бэкенд,фильтры",Бэкенд
issue,75,maxbarsukov,15.12.2025 0:00:00,26.12.2025 0:00:00,26.12.2025 0:00:00,Фильтрация по дате,Filter by date range,Task,maxbarsukov,High,Done,Спринт 6 - Поиск и фильтры,25.12.2025 0:00:00,26.12.2025 0:00:00,48960000,42840000,"бэкенд,фильтры",Бэкенд
issue,76,maxbarsukov,16.12.2025 0:00:00,27.12.2025 0:00:00,27.12.2025 0:00:00,Фильтрация по цене,Filter by price range,Task,maxbarsukov,High,Done,Спринт 6 - Поиск и фильтры,26.12.2025 0:00:00,27.12.2025 0:00:00,36720000,42840000,"бэкенд,фильтры",Бэкенд
issue,77,maxbarsukov,17.12.2025 0:00:00,28.12.2025 0:00:00,28.12.2025 0:00:00,Фильтрация по возрасту,Age restrictions filter,Task,maxbarsukov,High,Done,Спринт 6 - Поиск и фильтры,27.12.2025 0:00:00,28.12.2025 0:00:00,36720000,30600000,"бэкенд,фильтры",Бэкенд
issue,78,maxbarsukov,18.12.2025 0:00:00,29.12.2025 0:00:00,29.12.2025 0:00:00,Фильтрация по тегам,Tag-based filtering,Task,maxbarsukov,Normal,Done,Спринт 6 - Поиск и фильтры,28.12.2025 0:00:00,29.12.2025 0:00:00,48960000,55080000,"бэкенд,фильтры",Бэкенд
issue,79,maximb2208,12.12.2025 0:00:00,23.12.2025 0:00:00,23.12.2025 0:00:00,Компонент поиска,Search input with debounce,Task,maximb2208,Critical,Done,Спринт 6 - Поиск и фильтры,22.12.2025 0:00:00,23.12.2025 0:00:00,48960000,55080000,"фронтенд,поиск",Фронтенд
issue,80,maximb2208,13.12.2025 0:00:00,24.12.2025 0:00:00,24.12.2025 0:00:00,AJAX подгрузка результатов,Live search results,Task,maximb2208,Critical,Done,Спринт 6 - Поиск и фильтры,23.12.2025 0:00:00,24.12.2025 0:00:00,48960000,42840000,"фронтенд,поиск",Фронтенд
issue,81,maximb2208,14.12.2025 0:00:00,25.12.2025 0:00:00,25.12.2025 0:00:00,Панель фильтров,Filter sidebar with all options,Task,maximb2208,High,Done,Спринт 6 - Поиск и фильтры,24.12.2025 0:00:00,25.12.2025 0:00:00,73440000,79560000,"фронтенд,фильтры",Фронтенд
issue,82,maximb2208,15.12.2025 0:00:00,26.12.2025 0:00:00,26.12.2025 0:00:00,Чекбоксы категорий,Category filter checkboxes,Task,maximb2208,High,Done,Спринт 6 - Поиск и фильтры,25.12.2025 0:00:00,26.12.2025 0:00:00,48960000,42840000,"фронтенд,фильтры",Фронтенд
issue,83,maximb2208,16.12.2025 0:00:00,27.12.2025 0:00:00,27.12.2025 0:00:00,Date picker,Component for date selection,Task,maximb2208,High,Done,Спринт 6 - Поиск и фильтры,26.12.2025 0:00:00,27.12.2025 0:00:00,48960000,55080000,"фронтенд,фильтры",Фронтенд
issue,84,maximb2208,17.12.2025 0:00:00,28.12.2025 0:00:00,28.12.2025 0:00:00,Range sliders,Price and age range sliders,Task,maximb2208,High,Done,Спринт 6 - Поиск и фильтры,27.12.2025 0:00:00,28.12.2025 0:00:00,48960000,42840000,"фронтенд,фильтры",Фронтенд
issue,85,maximb2208,18.12.2025 0:00:00,29.12.2025 0:00:00,29.12.2025 0:00:00,Отображение результатов,Search results list/grid,Task,maximb2208,Critical,Done,Спринт 6 - Поиск и фильтры,28.12.2025 0:00:00,29.12.2025 0:00:00,48960000,55080000,"фронтенд,поиск",Фронтенд
issue,86,maximb2208,19.12.2025 0:00:00,30.12.2025 0:00:00,30.12.2025 0:00:00,Пагинация,Pagination for search results,Task,maximb2208,High,Done,Спринт 6 - Поиск и фильтры,29.12.2025 0:00:00,30.12.2025 0:00:00,48960000,42840000,"фронтенд,поиск",Фронтенд
issue,87,maxbarsukov,26.12.2025 0:00:00,06.01.2026 0:00:00,06.01.2026 0:00:00,Модель избранного,Favorites model (user-event relation),Task,maxbarsukov,High,Done,Спринт 7 - Личный кабинет,05.01.2026 0:00:00,06.01.2026 0:00:00,48960000,55080000,"бэкенд,избранное",Бэкенд
issue,88,maxbarsukov,27.12.2025 0:00:00,07.01.2026 0:00:00,07.01.2026 0:00:00,API избранного,Endpoints for managing favorites,Task,maxbarsukov,High,Done,Спринт 7 - Личный кабинет,06.01.2026 0:00:00,07.01.2026 0:00:00,48960000,42840000,"бэкенд,api",Бэкенд
issue,89,maxbarsukov,28.12.2025 0:00:00,08.01.2026 0:00:00,08.01.2026 0:00:00,Модель комментариев,Comment model with hierarchy,Task,maxbarsukov,High,Done,Спринт 7 - Личный кабинет,07.01.2026 0:00:00,08.01.2026 0:00:00,48960000,55080000,"бэкенд,комментарии",Бэкенд
issue,90,maxbarsukov,29.12.2025 0:00:00,09.01.2026 0:00:00,09.01.2026 0:00:00,API комментариев,CRUD for comments,Task,maxbarsukov,High,Done,Спринт 7 - Личный кабинет,08.01.2026 0:00:00,09.01.2026 0:00:00,48960000,42840000,"бэкенд,api",Бэкенд
issue,91,maxbarsukov,30.12.2025 0:00:00,10.01.2026 0:00:00,10.01.2026 0:00:00,Система модерации,Comment moderation workflow,Task,maxbarsukov,High,Done,Спринт 7 - Личный кабинет,09.01.2026 0:00:00,10.01.2026 0:00:00,73440000,79560000,"бэкенд,модерация",Бэкенд
issue,92,maxbarsukov,31.12.2025 0:00:00,11.01.2026 0:00:00,11.01.2026 0:00:00,Модель email подписок,Email subscriptions model,Task,maxbarsukov,Normal,Done,Спринт 7 - Личный кабинет,10.01.2026 0:00:00,11.01.2026 0:00:00,36720000,42840000,"бэкенд,рассылки",Бэкенд
issue,93,maxbarsukov,01.01.2026 0:00:00,12.01.2026 0:00:00,12.01.2026 0:00:00,Double opt-in,Email confirmation for subscriptions,Task,maxbarsukov,Normal,Done,Спринт 7 - Личный кабинет,11.01.2026 0:00:00,12.01.2026 0:00:00,48960000,42840000,"бэкенд,рассылки",Бэкенд
issue,94,maxbarsukov,02.01.2026 0:00:00,13.01.2026 0:00:00,13.01.2026 0:00:00,Шаблоны писем,Email templates system,Task,maxbarsukov,Normal,Done,Спринт 7 - Личный кабинет,12.01.2026 0:00:00,13.01.2026 0:00:00,48960000,55080000,"бэкенд,рассылки",Бэкенд
issue,95,maximb2208,26.12.2025 0:00:00,06.01.2026 0:00:00,06.01.2026 0:00:00,Личный кабинет layout,User profile page layout,Task,maximb2208,High,Done,Спринт 7 - Личный кабинет,05.01.2026 0:00:00,06.01.2026 0:00:00,48960000,55080000,"фронтенд,личный-кабинет",Фронтенд
issue,96,maximb2208,27.12.2025 0:00:00,07.01.2026 0:00:00,07.01.2026 0:00:00,Вкладка избранного,Favorites tab in profile,Task,maximb2208,High,Done,Спринт 7 - Личный кабинет,06.01.2026 0:00:00,07.01.2026 0:00:00,48960000,42840000,"фронтенд,личный-кабинет",Фронтенд
issue,97,maximb2208,28.12.2025 0:00:00,08.01.2026 0:00:00,08.01.2026 0:00:00,Кнопка добавления в избранное,Add to favorites button,Task,maximb2208,High,Done,Спринт 7 - Личный кабинет,07.01.2026 0:00:00,08.01.2026 0:00:00,36720000,42840000,"фронтенд,избранное",Фронтенд
issue,98,maximb2208,29.12.2025 0:00:00,09.01.2026 0:00:00,09.01.2026 0:00:00,Компонент комментариев,Comments component with replies,Task,maximb2208,High,Done,Спринт 7 - Личный кабинет,08.01.2026 0:00:00,09.01.2026 0:00:00,73440000,79560000,"фронтенд,комментарии",Фронтенд
issue,99,maximb2208,30.12.2025 0:00:00,10.01.2026 0:00:00,10.01.2026 0:00:00,Форма комментария,Comment form with validation,Task,maximb2208,High,Done,Спринт 7 - Личный кабинет,09.01.2026 0:00:00,10.01.2026 0:00:00,48960000,42840000,"фронтенд,комментарии",Фронтенд
issue,100,maximb2208,31.12.2025 0:00:00,11.01.2026 0:00:00,11.01.2026 0:00:00,Настройки уведомлений,Notification settings in profile,Task,maximb2208,Normal,Done,Спринт 7 - Личный кабинет,10.01.2026 0:00:00,11.01.2026 0:00:00,48960000,55080000,"фронтенд,личный-кабинет",Фронтенд
issue,101,maximb2208,01.01.2026 0:00:00,12.01.2026 0:00:00,12.01.2026 0:00:00,Форма подписки,Email subscription form,Task,maximb2208,Normal,Done,Спринт 7 - Личный кабинет,11.01.2026 0:00:00,12.01.2026 0:00:00,36720000,42840000,"фронтенд,рассылки",Фронтенд
issue,102,maximb2208,09.01.2026 0:00:00,20.01.2026 0:00:00,20.01.2026 0:00:00,WYSIWYG редактор,Rich text editor component,Task,maximb2208,High,Done,Спринт 8 - Админ-панель (Часть 1),19.01.2026 0:00:00,20.01.2026 0:00:00,73440000,79560000,"фронтенд,админка",Фронтенд
issue,103,maximb2208,10.01.2026 0:00:00,21.01.2026 0:00:00,21.01.2026 0:00:00,Загрузка изображений,Image upload for editor,Task,maximb2208,High,Done,Спринт 8 - Админ-панель (Часть 1),20.01.2026 0:00:00,21.01.2026 0:00:00,48960000,42840000,"фронтенд,админка",Фронтенд
issue,104,maximb2208,11.01.2026 0:00:00,22.01.2026 0:00:00,22.01.2026 0:00:00,Админка: список событий,Events list in admin panel,Task,maximb2208,Critical,Done,Спринт 8 - Админ-панель (Часть 1),21.01.2026 0:00:00,22.01.2026 0:00:00,48960000,55080000,"фронтенд,админка",Фронтенд
issue,105,maximb2208,12.01.2026 0:00:00,23.01.2026 0:00:00,23.01.2026 0:00:00,Админка: создание события,Event creation form,Task,maximb2208,Critical,Done,Спринт 8 - Админ-панель (Часть 1),22.01.2026 0:00:00,23.01.2026 0:00:00,73440000,79560000,"фронтенд,админка",Фронтенд
issue,106,maximb2208,13.01.2026 0:00:00,24.01.2026 0:00:00,24.01.2026 0:00:00,Админка: редактирование события,Event edit form,Task,maximb2208,Critical,Done,Спринт 8 - Админ-панель (Часть 1),23.01.2026 0:00:00,24.01.2026 0:00:00,48960000,42840000,"фронтенд,админка",Фронтенд
issue,107,maximb2208,14.01.2026 0:00:00,25.01.2026 0:00:00,25.01.2026 0:00:00,Админка: список мест,Places list in admin,Task,maximb2208,High,Done,Спринт 8 - Админ-панель (Часть 1),24.01.2026 0:00:00,25.01.2026 0:00:00,48960000,55080000,"фронтенд,админка",Фронтенд
issue,108,maximb2208,15.01.2026 0:00:00,26.01.2026 0:00:00,26.01.2026 0:00:00,Админка: создание места,Place creation form,Task,maximb2208,High,Done,Спринт 8 - Админ-панель (Часть 1),25.01.2026 0:00:00,26.01.2026 0:00:00,48960000,42840000,"фронтенд,админка",Фронтенд
issue,109,maxbarsukov,16.01.2026 0:00:00,27.01.2026 0:00:00,27.01.2026 0:00:00,Система статусов событий,Event status management,Task,maxbarsukov,High,Done,Спринт 8 - Админ-панель (Часть 1),26.01.2026 0:00:00,27.01.2026 0:00:00,48960000,55080000,"бэкенд,модерация",Бэкенд
issue,110,maxbarsukov,17.01.2026 0:00:00,28.01.2026 0:00:00,28.01.2026 0:00:00,Workflow модерации,Content moderation workflow,Task,maxbarsukov,High,Done,Спринт 8 - Админ-панель (Часть 1),27.01.2026 0:00:00,28.01.2026 0:00:00,73440000,79560000,"бэкенд,модерация",Бэкенд
issue,111,maxbarsukov,18.01.2026 0:00:00,29.01.2026 0:00:00,29.01.2026 0:00:00,Ролевая модель,User roles and permissions,Task,maxbarsukov,High,Done,Спринт 8 - Админ-панель (Часть 1),28.01.2026 0:00:00,29.01.2026 0:00:00,48960000,42840000,"бэкенд,безопасность",Бэкенд
issue,112,maxbarsukov,23.01.2026 0:00:00,03.02.2026 0:00:00,03.02.2026 0:00:00,Модель статей,Article model for news/blog,Task,maxbarsukov,High,Done,Спринт 9 - Дополнительный контент,02.02.2026 0:00:00,03.02.2026 0:00:00,48960000,55080000,"бэкенд,cms",Бэкенд
issue,113,maxbarsukov,24.01.2026 0:00:00,04.02.2026 0:00:00,04.02.2026 0:00:00,API статей,CRUD endpoints for articles,Task,maxbarsukov,High,Done,Спринт 9 - Дополнительный контент,03.02.2026 0:00:00,04.02.2026 0:00:00,48960000,42840000,"бэкенд,api",Бэкенд
issue,114,maxbarsukov,25.01.2026 0:00:00,05.02.2026 0:00:00,05.02.2026 0:00:00,Модель подборок,Collection model for editorial content,Task,maxbarsukov,High,Done,Спринт 9 - Дополнительный контент,04.02.2026 0:00:00,05.02.2026 0:00:00,48960000,55080000,"бэкенд,cms",Бэкенд
issue,115,maxbarsukov,26.01.2026 0:00:00,06.02.2026 0:00:00,06.02.2026 0:00:00,API подборок,Endpoints for collections,Task,maxbarsukov,High,Done,Спринт 9 - Дополнительный контент,05.02.2026 0:00:00,06.02.2026 0:00:00,48960000,42840000,"бэкенд,api",Бэкенд
issue,116,maxbarsukov,27.01.2026 0:00:00,07.02.2026 0:00:00,07.02.2026 0:00:00,Автоматические подборки,Auto-generated collections by tags,Task,maxbarsukov,Normal,Done,Спринт 9 - Дополнительный контент,06.02.2026 0:00:00,07.02.2026 0:00:00,73440000,79560000,"бэкенд,подборки",Бэкенд
issue,117,maxbarsukov,28.01.2026 0:00:00,08.02.2026 0:00:00,08.02.2026 0:00:00,Система тегов,Tags management system,Task,maxbarsukov,Normal,Done,Спринт 9 - Дополнительный контент,07.02.2026 0:00:00,08.02.2026 0:00:00,48960000,55080000,"бэкенд,теги",Бэкенд
issue,118,maximb2208,23.01.2026 0:00:00,03.02.2026 0:00:00,03.02.2026 0:00:00,Админка: управление статьями,Articles management in admin,Task,maximb2208,High,Done,Спринт 9 - Дополнительный контент,02.02.2026 0:00:00,03.02.2026 0:00:00,48960000,55080000,"фронтенд,админка",Фронтенд
issue,119,maximb2208,24.01.2026 0:00:00,04.02.2026 0:00:00,04.02.2026 0:00:00,Админка: создание подборок,Collections creation in admin,Task,maximb2208,High,Done,Спринт 9 - Дополнительный контент,03.02.2026 0:00:00,04.02.2026 0:00:00,48960000,42840000,"фронтенд,админка",Фронтенд
issue,120,maximb2208,25.01.2026 0:00:00,05.02.2026 0:00:00,05.02.2026 0:00:00,Фронтенд статей,Articles listing and detail pages,Task,maximb2208,High,Done,Спринт 9 - Дополнительный контент,04.02.2026 0:00:00,05.02.2026 0:00:00,73440000,79560000,"фронтенд,cms",Фронтенд
issue,121,maximb2208,26.01.2026 0:00:00,06.02.2026 0:00:00,06.02.2026 0:00:00,Фронтенд подборок,Collections display on frontend,Task,maximb2208,High,Done,Спринт 9 - Дополнительный контент,05.02.2026 0:00:00,06.02.2026 0:00:00,48960000,42840000,"фронтенд,подборки",Фронтенд
issue,122,maximb2208,27.01.2026 0:00:00,07.02.2026 0:00:00,07.02.2026 0:00:00,Облако тегов,Tags cloud component,Task,maximb2208,Normal,Done,Спринт 9 - Дополнительный контент,06.02.2026 0:00:00,07.02.2026 0:00:00,36720000,42840000,"фронтенд,теги",Фронтенд
issue,123,maximb2208,06.02.2026 0:00:00,17.02.2026 0:00:00,17.02.2026 0:00:00,Админка: модерация комментариев,Comments moderation interface,Task,maximb2208,High,Done,Спринт 10 - Админ-панель (Часть 2) и модерация,16.02.2026 0:00:00,17.02.2026 0:00:00,48960000,55080000,"фронтенд,модерация",Фронтенд
issue,124,maximb2208,07.02.2026 0:00:00,18.02.2026 0:00:00,18.02.2026 0:00:00,Жалобы пользователей,User reports system,Task,maximb2208,High,Done,Спринт 10 - Админ-панель (Часть 2) и модерация,17.02.2026 0:00:00,18.02.2026 0:00:00,48960000,42840000,"фронтенд,модерация",Фронтенд
issue,125,maximb2208,08.02.2026 0:00:00,19.02.2026 0:00:00,19.02.2026 0:00:00,Админка: управление пользователями,Users management in admin,Task,maximb2208,High,Done,Спринт 10 - Админ-панель (Часть 2) и модерация,18.02.2026 0:00:00,19.02.2026 0:00:00,48960000,55080000,"фронтенд,админка",Фронтенд
issue,126,maxbarsukov,09.02.2026 0:00:00,20.02.2026 0:00:00,20.02.2026 0:00:00,Система банов,Ban/unban users functionality,Task,maxbarsukov,High,Done,Спринт 10 - Админ-панель (Часть 2) и модерация,19.02.2026 0:00:00,20.02.2026 0:00:00,48960000,42840000,"бэкенд,пользователи",Бэкенд
issue,127,maxbarsukov,10.02.2026 0:00:00,21.02.2026 0:00:00,21.02.2026 0:00:00,Массовые операции,Bulk operations in admin,Task,maxbarsukov,Normal,Done,Спринт 10 - Админ-панель (Часть 2) и модерация,20.02.2026 0:00:00,21.02.2026 0:00:00,73440000,79560000,"бэкенд,админка",Бэкенд
issue,128,maxbarsukov,11.02.2026 0:00:00,22.02.2026 0:00:00,22.02.2026 0:00:00,Инструменты аналитики,Basic analytics in admin,Task,maxbarsukov,Normal,Done,Спринт 10 - Админ-панель (Часть 2) и модерация,21.02.2026 0:00:00,22.02.2026 0:00:00,48960000,55080000,"бэкенд,аналитика",Бэкенд
issue,129,maxbarsukov,20.02.2026 0:00:00,03.03.2026 0:00:00,03.03.2026 0:00:00,Модель тестов,Quiz model with questions/answers,Task,maxbarsukov,Normal,Done,Спринт 11 - Интерактивности,02.03.2026 0:00:00,03.03.2026 0:00:00,73440000,79560000,"бэкенд,тесты",Бэкенд
issue,130,maxbarsukov,21.02.2026 0:00:00,04.03.2026 0:00:00,04.03.2026 0:00:00,API тестов,Endpoints for quizzes,Task,maxbarsukov,Normal,Done,Спринт 11 - Интерактивности,03.03.2026 0:00:00,04.03.2026 0:00:00,48960000,42840000,"бэкенд,api",Бэкенд
issue,131,maxbarsukov,22.02.2026 0:00:00,05.03.2026 0:00:00,05.03.2026 0:00:00,Логика подсчета результатов,Quiz results calculation,Task,maxbarsukov,Normal,Done,Спринт 11 - Интерактивности,04.03.2026 0:00:00,05.03.2026 0:00:00,73440000,79560000,"бэкенд,тесты",Бэкенд
issue,132,maxbarsukov,23.02.2026 0:00:00,06.03.2026 0:00:00,06.03.2026 0:00:00,Система просмотров,View counters for events/articles,Task,maxbarsukov,Normal,Done,Спринт 11 - Интерактивности,05.03.2026 0:00:00,06.03.2026 0:00:00,48960000,42840000,"бэкенд,аналитика",Бэкенд
issue,133,maxbarsukov,24.02.2026 0:00:00,07.03.2026 0:00:00,07.03.2026 0:00:00,Рейтинги и лайки,Ratings and likes system,Task,maxbarsukov,Normal,Done,Спринт 11 - Интерактивности,06.03.2026 0:00:00,07.03.2026 0:00:00,73440000,79560000,"бэкенд,рейтинги",Бэкенд
issue,134,maxbarsukov,25.02.2026 0:00:00,08.03.2026 0:00:00,08.03.2026 0:00:00,Топ популярности,Popularity rankings,Task,maxbarsukov,Normal,Done,Спринт 11 - Интерактивности,07.03.2026 0:00:00,08.03.2026 0:00:00,48960000,55080000,"бэкенд,аналитика",Бэкенд
issue,135,maximb2208,20.02.2026 0:00:00,03.03.2026 0:00:00,03.03.2026 0:00:00,Админка: создание тестов,Quiz creation in admin,Task,maximb2208,Normal,Done,Спринт 11 - Интерактивности,02.03.2026 0:00:00,03.03.2026 0:00:00,73440000,79560000,"фронтенд,админка",Фронтенд
issue,136,maximb2208,21.02.2026 0:00:00,04.03.2026 0:00:00,04.03.2026 0:00:00,Фронтенд тестов,Quiz taking interface,Task,maximb2208,Normal,Done,Спринт 11 - Интерактивности,03.03.2026 0:00:00,04.03.2026 0:00:00,73440000,67320000,"фронтенд,тесты",Фронтенд
issue,137,maximb2208,22.02.2026 0:00:00,05.03.2026 0:00:00,05.03.2026 0:00:00,Результаты тестов,Quiz results display,Task,maximb2208,Normal,Done,Спринт 11 - Интерактивности,04.03.2026 0:00:00,05.03.2026 0:00:00,48960000,55080000,"фронтенд,тесты",Фронтенд
issue,138,maximb2208,23.02.2026 0:00:00,06.03.2026 0:00:00,06.03.2026 0:00:00,Кнопки лайков,Like buttons on frontend,Task,maximb2208,Normal,Done,Спринт 11 - Интерактивности,05.03.2026 0:00:00,06.03.2026 0:00:00,36720000,42840000,"фронтенд,рейтинги",Фронтенд
issue,139,maximb2208,24.02.2026 0:00:00,07.03.2026 0:00:00,07.03.2026 0:00:00,Счетчики просмотров,View counters on frontend,Task,maximb2208,Normal,Done,Спринт 11 - Интерактивности,06.03.2026 0:00:00,07.03.2026 0:00:00,36720000,30600000,"фронтенд,аналитика",Фронтенд
issue,140,dts,06.03.2026 0:00:00,17.03.2026 0:00:00,17.03.2026 0:00:00,Интеграционное тестирование: поиск,Search functionality E2E tests,Task,dts,High,Done,Спринт 12 - Релиз Кандидат 1 (RC1),16.03.2026 0:00:00,17.03.2026 0:00:00,48960000,55080000,"тестирование,qa",Тестирование
issue,141,dts,07.03.2026 0:00:00,18.03.2026 0:00:00,18.03.2026 0:00:00,Интеграционное тестирование: аутентификация,Auth flow E2E tests,Task,dts,High,Done,Спринт 12 - Релиз Кандидат 1 (RC1),17.03.2026 0:00:00,18.03.2026 0:00:00,48960000,42840000,"тестирование,qa",Тестирование
issue,142,dts,08.03.2026 0:00:00,19.03.2026 0:00:00,19.03.2026 0:00:00,Интеграционное тестирование: админка,Admin panel E2E tests,Task,dts,High,Done,Спринт 12 - Релиз Кандидат 1 (RC1),18.03.2026 0:00:00,19.03.2026 0:00:00,73440000,79560000,"тестирование,qa",Тестирование
issue,143,dts,09.03.2026 0:00:00,20.03.2026 0:00:00,20.03.2026 0:00:00,Исправление критических багов,High priority bug fixes,Task,dts,Critical,Done,Спринт 12 - Релиз Кандидат 1 (RC1),19.03.2026 0:00:00,20.03.2026 0:00:00,97920000,104040000,"тестирование,баги",Тестирование
issue,144,dts,10.03.2026 0:00:00,21.03.2026 0:00:00,21.03.2026 0:00:00,Исправление средних багов,Medium priority bug fixes,Task,dts,High,Done,Спринт 12 - Релиз Кандидат 1 (RC1),20.03.2026 0:00:00,21.03.2026 0:00:00,97920000,91800000,"тестирование,баги",Тестирование
issue,145,dts,11.03.2026 0:00:00,22.03.2026 0:00:00,22.03.2026 0:00:00,Развертывание альфа-версии,Alpha environment deployment,Task,dts,High,Done,Спринт 12 - Релиз Кандидат 1 (RC1),21.03.2026 0:00:00,22.03.2026 0:00:00,48960000,55080000,"devops,тестирование",Инфраструктура
issue,146,dts,20.03.2026 0:00:00,31.03.2026 0:00:00,31.03.2026 0:00:00,Альфа-тестирование: основные сценарии,Core functionality alpha testing,Task,dts,High,Done,Спринт 13 - Альфа-тестирование,30.03.2026 0:00:00,31.03.2026 0:00:00,97920000,104040000,"тестирование,qa",Тестирование
issue,147,dts,21.03.2026 0:00:00,01.04.2026 0:00:00,01.04.2026 0:00:00,Альфа-тестирование: edge cases,Edge cases and error handling,Task,dts,High,Done,Спринт 13 - Альфа-тестирование,31.03.2026 0:00:00,01.04.2026 0:00:00,97920000,91800000,"тестирование,qa",Тестирование
issue,148,dts,22.03.2026 0:00:00,02.04.2026 0:00:00,02.04.2026 0:00:00,Сбор фидбека команды,Internal team feedback collection,Task,dts,High,Done,Спринт 13 - Альфа-тестирование,01.04.2026 0:00:00,02.04.2026 0:00:00,48960000,55080000,"тестирование,фидбек",Тестирование
issue,149,dts,23.03.2026 0:00:00,03.04.2026 0:00:00,03.04.2026 0:00:00,Исправление багов по фидбеку,Bug fixes based on alpha feedback,Task,dts,High,Done,Спринт 13 - Альфа-тестирование,02.04.2026 0:00:00,03.04.2026 0:00:00,97920000,104040000,"тестирование,баги",Тестирование
issue,150,maxbarsukov,24.03.2026 0:00:00,04.04.2026 0:00:00,04.04.2026 0:00:00,API документация,OpenAPI/Swagger documentation,Task,maxbarsukov,High,Done,Спринт 13 - Альфа-тестирование,03.04.2026 0:00:00,04.04.2026 0:00:00,73440000,79560000,"бэкенд,api,документация",Бэкенд
issue,151,maxbarsukov,03.04.2026 0:00:00,14.04.2026 0:00:00,14.04.2026 0:00:00,REST API для партнеров,Public API for partners,Task,maxbarsukov,High,Done,Спринт 14 - Интеграции (Часть 1),13.04.2026 0:00:00,14.04.2026 0:00:00,97920000,104040000,"бэкенд,api,интеграции",Бэкенд
issue,152,maxbarsukov,04.04.2026 0:00:00,15.04.2026 0:00:00,15.04.2026 0:00:00,API аутентификация,API authentication (JWT/API keys),Task,maxbarsukov,High,Done,Спринт 14 - Интеграции (Часть 1),14.04.2026 0:00:00,15.04.2026 0:00:00,73440000,67320000,"бэкенд,api,безопасность",Бэкенд
issue,153,maxbarsukov,05.04.2026 0:00:00,16.04.2026 0:00:00,16.04.2026 0:00:00,Rate limiting,API rate limiting,Task,maxbarsukov,High,Done,Спринт 14 - Интеграции (Часть 1),15.04.2026 0:00:00,16.04.2026 0:00:00,48960000,55080000,"бэкенд,api,безопасность",Бэкенд
issue,154,maxbarsukov,06.04.2026 0:00:00,17.04.2026 0:00:00,17.04.2026 0:00:00,Реферальные ссылки,Referral links system,Task,maxbarsukov,High,Done,Спринт 14 - Интеграции (Часть 1),16.04.2026 0:00:00,17.04.2026 0:00:00,73440000,79560000,"бэкенд,интеграции",Бэкенд
issue,155,maxbarsukov,07.04.2026 0:00:00,18.04.2026 0:00:00,18.04.2026 0:00:00,Отслеживание переходов,Click tracking for referrals,Task,maxbarsukov,High,Done,Спринт 14 - Интеграции (Часть 1),17.04.2026 0:00:00,18.04.2026 0:00:00,48960000,42840000,"бэкенд,аналитика",Бэкенд
issue,156,maxbarsukov,08.04.2026 0:00:00,19.04.2026 0:00:00,19.04.2026 0:00:00,Система баннеров,Banner ads management,Task,maxbarsukov,Normal,Done,Спринт 14 - Интеграции (Часть 1),18.04.2026 0:00:00,19.04.2026 0:00:00,73440000,79560000,"бэкенд,реклама",Бэкенд
issue,157,maxbarsukov,09.04.2026 0:00:00,20.04.2026 0:00:00,20.04.2026 0:00:00,Ротация баннеров,Banner rotation logic,Task,maxbarsukov,Normal,Done,Спринт 14 - Интеграции (Часть 1),19.04.2026 0:00:00,20.04.2026 0:00:00,48960000,55080000,"бэкенд,реклама",Бэкенд
issue,158,maximb2208,03.04.2026 0:00:00,14.04.2026 0:00:00,14.04.2026 0:00:00,Интерфейс управления рекламой,Ads management in admin,Task,maximb2208,Normal,Done,Спринт 14 - Интеграции (Часть 1),13.04.2026 0:00:00,14.04.2026 0:00:00,73440000,79560000,"фронтенд,реклама",Фронтенд
issue,159,maximb2208,04.04.2026 0:00:00,15.04.2026 0:00:00,15.04.2026 0:00:00,Баннерные места,Banner placement on frontend,Task,maximb2208,Normal,Done,Спринт 14 - Интеграции (Часть 1),14.04.2026 0:00:00,15.04.2026 0:00:00,48960000,42840000,"фронтенд,реклама",Фронтенд
issue,160,maximb2208,05.04.2026 0:00:00,16.04.2026 0:00:00,16.04.2026 0:00:00,Промотируемые события,Promoted events marking,Task,maximb2208,Normal,Done,Спринт 14 - Интеграции (Часть 1),15.04.2026 0:00:00,16.04.2026 0:00:00,36720000,42840000,"фронтенд,реклама",Фронтенд
issue,161,maxbarsukov,17.04.2026 0:00:00,28.04.2026 0:00:00,28.04.2026 0:00:00,Модель бронирования,Booking model with seats,Task,maxbarsukov,Critical,Done,Спринт 15 - Система бронирования,27.04.2026 0:00:00,28.04.2026 0:00:00,73440000,79560000,"бэкенд,бронирование",Бэкенд
issue,162,maxbarsukov,18.04.2026 0:00:00,29.04.2026 0:00:00,29.04.2026 0:00:00,API бронирования,Booking endpoints,Task,maxbarsukov,Critical,Done,Спринт 15 - Система бронирования,28.04.2026 0:00:00,29.04.2026 0:00:00,73440000,67320000,"бэкенд,api",Бэкенд
issue,163,maxbarsukov,19.04.2026 0:00:00,30.04.2026 0:00:00,30.04.2026 0:00:00,Выбор мест,Seat selection logic,Task,maxbarsukov,High,Done,Спринт 15 - Система бронирования,29.04.2026 0:00:00,30.04.2026 0:00:00,97920000,104040000,"бэкенд,бронирование",Бэкенд
issue,164,maxbarsukov,20.04.2026 0:00:00,01.05.2026 0:00:00,01.05.2026 0:00:00,Автоотмена брони,Auto-cancel after 15 minutes,Task,maxbarsukov,Critical,Done,Спринт 15 - Система бронирования,30.04.2026 0:00:00,01.05.2026 0:00:00,48960000,55080000,"бэкенд,бронирование",Бэкенд
issue,165,maximb2208,17.04.2026 0:00:00,28.04.2026 0:00:00,28.04.2026 0:00:00,Интерфейс бронирования,Booking form on frontend,Task,maximb2208,Critical,Done,Спринт 15 - Система бронирования,27.04.2026 0:00:00,28.04.2026 0:00:00,73440000,79560000,"фронтенд,бронирование",Фронтенд
issue,166,maximb2208,18.04.2026 0:00:00,29.04.2026 0:00:00,29.04.2026 0:00:00,Выбор мест на фронтенде,Seat selection interface,Task,maximb2208,High,Done,Спринт 15 - Система бронирования,28.04.2026 0:00:00,29.04.2026 0:00:00,97920000,104040000,"фронтенд,бронирование",Фронтенд
issue,167,maximb2208,19.04.2026 0:00:00,30.04.2026 0:00:00,30.04.2026 0:00:00,Таймер бронирования,Booking timer countdown,Task,maximb2208,High,Done,Спринт 15 - Система бронирования,29.04.2026 0:00:00,30.04.2026 0:00:00,48960000,55080000,"фронтенд,бронирование",Фронтенд
issue,168,maxbarsukov,01.05.2026 0:00:00,12.05.2026 0:00:00,12.05.2026 0:00:00,Интеграция платежной системы,Payment gateway integration,Task,maxbarsukov,Critical,Done,Спринт 16 - Интеграция платежей,11.05.2026 0:00:00,12.05.2026 0:00:00,97920000,104040000,"бэкенд,платежи",Бэкенд
issue,169,maxbarsukov,02.05.2026 0:00:00,13.05.2026 0:00:00,13.05.2026 0:00:00,Обработка платежей,Payment processing logic,Task,maxbarsukov,Critical,Done,Спринт 16 - Интеграция платежей,12.05.2026 0:00:00,13.05.2026 0:00:00,73440000,67320000,"бэкенд,платежи",Бэкенд
issue,170,maxbarsukov,03.05.2026 0:00:00,14.05.2026 0:00:00,14.05.2026 0:00:00,Webhooks платежей,Payment webhooks handling,Task,maxbarsukov,Critical,Done,Спринт 16 - Интеграция платежей,13.05.2026 0:00:00,14.05.2026 0:00:00,73440000,79560000,"бэкенд,платежи",Бэкенд
issue,171,maxbarsukov,04.05.2026 0:00:00,15.05.2026 0:00:00,15.05.2026 0:00:00,Обработка возвратов,Refund processing,Task,maxbarsukov,Critical,Done,Спринт 16 - Интеграция платежей,14.05.2026 0:00:00,15.05.2026 0:00:00,48960000,55080000,"бэкенд,платежи",Бэкенд
issue,172,maxbarsukov,05.05.2026 0:00:00,16.05.2026 0:00:00,16.05.2026 0:00:00,Chargeback handling,Chargeback management,Task,maxbarsukov,Critical,Done,Спринт 16 - Интеграция платежей,15.05.2026 0:00:00,16.05.2026 0:00:00,48960000,42840000,"бэкенд,платежи",Бэкенд
issue,173,maximb2208,01.05.2026 0:00:00,12.05.2026 0:00:00,12.05.2026 0:00:00,Фронтенд оплаты,Payment form on frontend,Task,maximb2208,Critical,Done,Спринт 16 - Интеграция платежей,11.05.2026 0:00:00,12.05.2026 0:00:00,73440000,79560000,"фронтенд,платежи",Фронтенд
issue,174,maximb2208,02.05.2026 0:00:00,13.05.2026 0:00:00,13.05.2026 0:00:00,Статусы оплаты,Payment status display,Task,maximb2208,High,Done,Спринт 16 - Интеграция платежей,12.05.2026 0:00:00,13.05.2026 0:00:00,48960000,42840000,"фронтенд,платежи",Фронтенд
issue,175,dts,03.05.2026 0:00:00,14.05.2026 0:00:00,14.05.2026 0:00:00,Тестирование платежных сценариев,Payment flow E2E tests,Task,dts,Critical,Done,Спринт 16 - Интеграция платежей,13.05.2026 0:00:00,14.05.2026 0:00:00,73440000,79560000,"тестирование,платежи",Тестирование
issue,176,dts,15.05.2026 0:00:00,26.05.2026 0:00:00,26.05.2026 0:00:00,Развертывание бета-версии,Beta environment setup,Task,dts,High,Done,Спринт 17 - Бета-тестирование,25.05.2026 0:00:00,26.05.2026 0:00:00,48960000,55080000,"devops,тестирование",Инфраструктура
issue,177,dts,16.05.2026 0:00:00,27.05.2026 0:00:00,27.05.2026 0:00:00,Бета-тестирование с пользователями,User acceptance testing,Task,dts,High,Done,Спринт 17 - Бета-тестирование,26.05.2026 0:00:00,27.05.2026 0:00:00,97920000,104040000,"тестирование,qa",Тестирование
issue,178,admin,17.05.2026 0:00:00,28.05.2026 0:00:00,28.05.2026 0:00:00,Сбор фидбека пользователей,User feedback collection,Task,admin,Normal,Done,Спринт 17 - Бета-тестирование,27.05.2026 0:00:00,28.05.2026 0:00:00,73440000,79560000,"аналитика,фидбек",Аналитика
issue,179,admin,18.05.2026 0:00:00,29.05.2026 0:00:00,29.05.2026 0:00:00,Анализ фидбека,Feedback analysis and prioritization,Task,admin,Normal,Done,Спринт 17 - Бета-тестирование,28.05.2026 0:00:00,29.05.2026 0:00:00,73440000,67320000,"аналитика,фидбек",Аналитика
issue,180,dts,19.05.2026 0:00:00,30.05.2026 0:00:00,30.05.2026 0:00:00,Исправление багов бета-теста,Beta bug fixes,Task,dts,High,Done,Спринт 17 - Бета-тестирование,29.05.2026 0:00:00,30.05.2026 0:00:00,97920000,104040000,"тестирование,баги",Тестирование
issue,181,maxbarsukov,27.05.2026 0:00:00,07.06.2026 0:00:00,07.06.2026 0:00:00,Оптимизация запросов БД,Database query optimization,Task,maxbarsukov,High,Done,Спринт 18 - Производительность и безопасность,06.06.2026 0:00:00,07.06.2026 0:00:00,97920000,104040000,"бэкенд,оптимизация",Бэкенд
issue,182,maxbarsukov,28.05.2026 0:00:00,08.06.2026 0:00:00,08.06.2026 0:00:00,Индексация,Database indexing optimization,Task,maxbarsukov,High,Done,Спринт 18 - Производительность и безопасность,07.06.2026 0:00:00,08.06.2026 0:00:00,73440000,67320000,"бэкенд,оптимизация",Бэкенд
issue,183,maxbarsukov,29.05.2026 0:00:00,09.06.2026 0:00:00,09.06.2026 0:00:00,Кэширование,Caching implementation (Redis),Task,maxbarsukov,High,Done,Спринт 18 - Производительность и безопасность,08.06.2026 0:00:00,09.06.2026 0:00:00,97920000,104040000,"бэкенд,оптимизация",Бэкенд
issue,184,dts,30.05.2026 0:00:00,10.06.2026 0:00:00,10.06.2026 0:00:00,Нагрузочное тестирование,Load testing setup,Task,dts,High,Done,Спринт 18 - Производительность и безопасность,09.06.2026 0:00:00,10.06.2026 0:00:00,73440000,79560000,"тестирование,нагрузка",Тестирование
issue,185,dts,31.05.2026 0:00:00,11.06.2026 0:00:00,11.06.2026 0:00:00,Анализ производительности,Performance analysis,Task,dts,High,Done,Спринт 18 - Производительность и безопасность,10.06.2026 0:00:00,11.06.2026 0:00:00,73440000,67320000,"тестирование,нагрузка",Тестирование
issue,186,dts,01.06.2026 0:00:00,12.06.2026 0:00:00,12.06.2026 0:00:00,Аудит безопасности: XSS,XSS protection audit,Task,dts,Critical,Done,Спринт 18 - Производительность и безопасность,11.06.2026 0:00:00,12.06.2026 0:00:00,48960000,55080000,"безопасность,аудит",Безопасность
issue,187,dts,02.06.2026 0:00:00,13.06.2026 0:00:00,13.06.2026 0:00:00,Аудит безопасности: CSRF,CSRF protection audit,Task,dts,Critical,Done,Спринт 18 - Производительность и безопасность,12.06.2026 0:00:00,13.06.2026 0:00:00,48960000,42840000,"безопасность,аудит",Безопасность
issue,188,dts,03.06.2026 0:00:00,14.06.2026 0:00:00,14.06.2026 0:00:00,Аудит безопасности: SQL инъекции,SQL injection prevention,Task,dts,Critical,Done,Спринт 18 - Производительность и безопасность,13.06.2026 0:00:00,14.06.2026 0:00:00,48960000,55080000,"безопасность,аудит",Безопасность
issue,189,dts,04.06.2026 0:00:00,15.06.2026 0:00:00,15.06.2026 0:00:00,HTTPS настройка,HTTPS configuration,Task,dts,Critical,Done,Спринт 18 - Производительность и безопасность,14.06.2026 0:00:00,15.06.2026 0:00:00,48960000,42840000,"безопасность,инфраструктура",Инфраструктура
issue,190,dts,10.06.2026 0:00:00,21.06.2026 0:00:00,21.06.2026 0:00:00,Доработка по фидбеку бета-теста,Beta feedback implementation,Task,dts,High,Done,Спринт 19 - Финальные доработки,20.06.2026 0:00:00,21.06.2026 0:00:00,97920000,104040000,"тестирование,доработки",Тестирование
issue,191,admin,11.06.2026 0:00:00,22.06.2026 0:00:00,22.06.2026 0:00:00,A/B тестирование: заголовки,Headlines A/B testing,Task,admin,Normal,Done,Спринт 19 - Финальные доработки,21.06.2026 0:00:00,22.06.2026 0:00:00,48960000,55080000,"аналитика,тестирование",Аналитика
issue,192,admin,12.06.2026 0:00:00,23.06.2026 0:00:00,23.06.2026 0:00:00,A/B тестирование: CTA кнопки,Call-to-action buttons testing,Task,admin,Normal,Done,Спринт 19 - Финальные доработки,22.06.2026 0:00:00,23.06.2026 0:00:00,48960000,42840000,"аналитика,тестирование",Аналитика
issue,193,admin,13.06.2026 0:00:00,24.06.2026 0:00:00,24.06.2026 0:00:00,A/B тестирование: формы подписки,Subscription forms testing,Task,admin,Normal,Done,Спринт 19 - Финальные доработки,23.06.2026 0:00:00,24.06.2026 0:00:00,48960000,55080000,"аналитика,тестирование",Аналитика
issue,194,admin,14.06.2026 0:00:00,25.06.2026 0:00:00,25.06.2026 0:00:00,Техническая документация,Technical documentation,Task,admin,High,Done,Спринт 19 - Финальные доработки,24.06.2026 0:00:00,25.06.2026 0:00:00,97920000,104040000,документация,Документация
issue,195,admin,15.06.2026 0:00:00,26.06.2026 0:00:00,26.06.2026 0:00:00,Пользовательская документация,User documentation,Task,admin,High,Done,Спринт 19 - Финальные доработки,25.06.2026 0:00:00,26.06.2026 0:00:00,97920000,91800000,документация,Документация
issue,196,dts,24.06.2026 0:00:00,05.07.2026 0:00:00,05.07.2026 0:00:00,Приемочное тестирование (UAT),User acceptance testing with stakeholders,Task,dts,Critical,Done,Спринт 20 - Стабилизация (RC2),04.07.2026 0:00:00,05.07.2026 0:00:00,73440000,79560000,"тестирование,uat",Тестирование
issue,197,dts,25.06.2026 0:00:00,06.07.2026 0:00:00,06.07.2026 0:00:00,Исправление UAT багов,UAT bug fixes,Task,dts,Critical,Done,Спринт 20 - Стабилизация (RC2),05.07.2026 0:00:00,06.07.2026 0:00:00,97920000,104040000,"тестирование,баги",Тестирование
issue,198,dts,26.06.2026 0:00:00,07.07.2026 0:00:00,07.07.2026 0:00:00,Финальные проверки перед релизом,Final pre-release checks,Task,dts,Critical,Done,Спринт 20 - Стабилизация (RC2),06.07.2026 0:00:00,07.07.2026 0:00:00,73440000,67320000,"devops,релиз",Инфраструктура
issue,199,dts,08.07.2026 0:00:00,19.07.2026 0:00:00,19.07.2026 0:00:00,Production развертывание,Production deployment,Task,dts,Critical,Done,Спринт 21 - Релизная подготовка,18.07.2026 0:00:00,19.07.2026 0:00:00,97920000,104040000,"devops,развёртывание",Инфраструктура
issue,200,dts,09.07.2026 0:00:00,20.07.2026 0:00:00,20.07.2026 0:00:00,Настройка мониторинга,"Monitoring setup (APM, logs)",Task,dts,Critical,Done,Спринт 21 - Релизная подготовка,19.07.2026 0:00:00,20.07.2026 0:00:00,73440000,67320000,"devops,мониторинг",Инфраструктура
issue,201,dts,10.07.2026 0:00:00,21.07.2026 0:00:00,21.07.2026 0:00:00,Настройка алертинга,Alerting configuration,Task,dts,Critical,Done,Спринт 21 - Релизная подготовка,20.07.2026 0:00:00,21.07.2026 0:00:00,73440000,79560000,"devops,мониторинг",Инфраструктура
issue,202,admin,11.07.2026 0:00:00,22.07.2026 0:00:00,22.07.2026 0:00:00,План инцидент-менеджмента,Incident management plan,Task,admin,High,Done,Спринт 21 - Релизная подготовка,21.07.2026 0:00:00,22.07.2026 0:00:00,73440000,67320000,"документация,поддержка",Документация
issue,203,admin,12.07.2026 0:00:00,23.07.2026 0:00:00,23.07.2026 0:00:00,Процессы поддержки,Support processes documentation,Task,admin,High,Done,Спринт 21 - Релизная подготовка,22.07.2026 0:00:00,23.07.2026 0:00:00,73440000,79560000,"документация,поддержка",Документация
issue,204,admin,22.07.2026 0:00:00,02.08.2026 0:00:00,02.08.2026 0:00:00,Официальный релиз,Official project launch,Task,admin,Critical,Done,Спринт 22 - Релиз!,01.08.2026 0:00:00,02.08.2026 0:00:00,48960000,48960000,релиз,Релиз
issue,205,dts,23.07.2026 0:00:00,03.08.2026 0:00:00,03.08.2026 0:00:00,Мониторинг после релиза,Post-release monitoring,Task,dts,Critical,Done,Спринт 22 - Релиз!,02.08.2026 0:00:00,03.08.2026 0:00:00,97920000,104040000,"devops,мониторинг",Инфраструктура
issue,206,dts,24.07.2026 0:00:00,04.08.2026 0:00:00,04.08.2026 0:00:00,Обработка инцидентов,Incident response,Task,dts,Critical,Done,Спринт 22 - Релиз!,03.08.2026 0:00:00,04.08.2026 0:00:00,97920000,91800000,"поддержка,инциденты",Поддержка
issue,207,dts,05.08.2026 0:00:00,16.08.2026 0:00:00,16.08.2026 0:00:00,Исправление пост-релизных багов,Post-release bug fixes,Task,dts,High,Done,Спринт 23 - Пост-релиз: поддержка,15.08.2026 0:00:00,16.08.2026 0:00:00,97920000,104040000,"тестирование,баги",Тестирование
issue,208,admin,06.08.2026 0:00:00,17.08.2026 0:00:00,17.08.2026 0:00:00,Поддержка пользователей,User support and assistance,Task,admin,Normal,Done,Спринт 23 - Пост-релиз: поддержка,16.08.2026 0:00:00,17.08.2026 0:00:00,97920000,91800000,поддержка,Поддержка
issue,209,admin,07.08.2026 0:00:00,18.08.2026 0:00:00,18.08.2026 0:00:00,Аналитика пользовательского поведения,User behavior analytics,Task,admin,Normal,Done,Спринт 23 - Пост-релиз: поддержка,17.08.2026 0:00:00,18.08.2026 0:00:00,97920000,104040000,"аналитика,метрики",Аналитика
issue,210,admin,19.08.2026 0:00:00,30.08.2026 0:00:00,30.08.2026 0:00:00,Сбор фидбека для v2.0,Feedback collection for next version,Task,admin,Normal,Done,Спринт 24 - Планирование v2.0,29.08.2026 0:00:00,30.08.2026 0:00:00,73440000,79560000,"аналитика,планирование",Аналитика
issue,211,admin,20.08.2026 0:00:00,31.08.2026 0:00:00,31.08.2026 0:00:00,Анализ метрик проекта,Project metrics analysis,Task,admin,Normal,Done,Спринт 24 - Планирование v2.0,30.08.2026 0:00:00,31.08.2026 0:00:00,73440000,67320000,"аналитика,отчетность",Аналитика
issue,212,admin,21.08.2026 0:00:00,01.09.2026 0:00:00,01.09.2026 0:00:00,Формирование бэклога v2.0,Backlog creation for version 2.0,Task,admin,High,Done,Спринт 24 - Планирование v2.0,31.08.2026 0:00:00,01.09.2026 0:00:00,97920000,104040000,"планирование,бэклог",Планирование